id,prediction
1,3
2,4
3,0
4,1
5,0
6,2
7,1
8,2
9,3
10,3
11,1
12,4
13,1
14,3
15,0
16,4
17,3
18,0
19,1
20,2
21,2
22,2
23,0
24,0
25,0
26,3
27,1
28,2
29,4
30,3
31,3
32,2
33,4
34,4
35,2
36,2
37,3
38,2
39,0
40,0
41,1
42,2
43,4
44,4
45,3
46,3
47,1
48,3
49,1
50,0
51,1
52,3
53,4
54,0
55,1
56,4
57,3
58,3
59,3
60,3
61,2
62,0
63,3
64,1
65,0
66,3
67,2
68,0
69,2
70,0
71,4
72,0
73,3
74,3
75,3
76,4
77,2
78,3
79,1
80,1
81,2
82,0
83,3
84,3
85,3
86,1
87,1
88,3
89,3
90,3
91,4
92,3
93,3
94,0
95,4
96,1
97,0
98,2
99,4
100,1
101,1
102,1
103,4
104,3
105,3
106,4
107,3
108,0
109,1
110,1
111,1
112,0
113,4
114,3
115,4
116,0
117,1
118,1
119,1
120,1
121,1
122,0
123,0
124,0
125,0
126,2
127,4
128,1
129,0
130,3
131,4
132,1
133,3
134,1
135,0
136,4
137,0
138,1
139,2
140,2
141,4
142,4
143,4
144,3
145,2
146,3
147,0
148,4
149,3
150,2
151,1
152,2
153,1
154,0
155,1
156,1
157,1
158,3
159,3
160,1
161,2
162,3
163,0
164,1
165,3
166,4
167,3
168,0
169,1
170,2
171,3
172,3
173,0
174,1
175,3
176,2
177,3
178,3
179,1
180,0
181,4
182,4
183,2
184,3
185,4
186,3
187,1
188,4
189,2
190,2
191,2
192,4
193,3
194,3
195,2
196,3
197,1
198,2
199,3
200,1
201,2
202,2
203,2
204,1
205,4
206,0
207,4
208,0
209,3
210,3
211,0
212,0
213,4
214,2
215,3
216,1
217,2
218,1
219,3
220,4
221,2
222,1
223,2
224,3
225,1
226,1
227,4
228,0
229,0
230,4
231,3
232,3
233,1
234,4
235,3
236,2
237,2
238,1
239,0
240,4
241,0
242,2
243,4
244,2
245,3
246,1
247,3
248,2
249,2
250,1
251,0
252,3
253,4
254,4
255,4
256,4
257,1
258,1
259,2
260,3
261,4
262,2
263,3
264,0
265,0
266,3
267,2
268,4
269,2
270,1
271,2
272,2
273,0
274,2
275,3
276,4
277,1
278,0
279,4
280,1
281,3
282,2
283,0
284,4
285,4
286,1
287,2
288,4
289,1
290,3
291,3
292,4
293,3
294,0
295,3
296,3
297,0
298,2
299,2
300,3
301,4
302,2
303,0
304,0
305,2
306,1
307,0
308,0
309,3
310,2
311,3
312,2
313,0
314,1
315,4
316,0
317,3
318,3
319,4
320,4
321,0
322,4
323,2
324,4
325,2
326,4
327,3
328,3
329,1
330,3
331,2
332,0
333,4
334,2
335,1
336,1
337,3
338,2
339,2
340,3
341,3
342,0
343,3
344,2
345,0
346,4
347,1
348,4
349,4
350,2
351,0
352,3
353,3
354,0
355,1
356,4
357,0
358,0
359,3
360,3
361,0
362,0
363,4
364,3
365,2
366,0
367,4
368,2
369,3
370,0
371,4
372,2
373,1
374,3
375,2
376,1
377,2
378,2
379,4
380,3
381,2
382,2
383,2
384,3
385,3
386,2
387,3
388,4
389,4
390,1
391,3
392,1
393,0
394,3
395,2
396,0
397,4
398,4
399,2
400,4
401,0
402,0
403,3
404,4
405,4
406,0
407,4
408,3
409,4
410,3
411,0
412,3
413,3
414,1
415,4
416,3
417,4
418,1
419,1
420,0
421,3
422,4
423,4
424,0
425,0
426,1
427,1
428,4
429,3
430,4
431,4
432,3
433,0
434,1
435,3
436,2
437,3
438,3
439,1
440,3
441,2
442,0
443,3
444,2
445,4
446,2
447,3
448,0
449,4
450,4
451,4
452,3
453,0
454,4
455,1
456,3
457,2
458,0
459,0
460,0
461,4
462,4
463,1
464,0
465,4
466,0
467,4
468,2
469,4
470,1
471,4
472,2
473,0
474,4
475,4
476,0
477,3
478,0
479,0
480,0
481,1
482,1
483,1
484,3
485,2
486,1
487,3
488,2
489,2
490,0
491,0
492,0
493,2
494,0
495,1
496,3
497,1
498,4
499,1
500,1
501,2
502,0
503,2
504,0
505,0
506,2
507,0
508,0
509,2
510,2
511,3
512,2
513,4
514,3
515,4
516,3
517,1
518,1
519,1
520,0
521,1
522,1
523,1
524,4
525,3
526,3
527,1
528,4
529,3
530,0
531,2
532,3
533,0
534,1
535,2
536,1
537,0
538,1
539,4
540,4
541,0
542,4
543,2
544,3
545,3
546,2
547,3
548,2
549,4
550,2
551,1
552,0
553,4
554,3
555,0
556,0
557,1
558,2
559,3
560,0
561,4
562,2
563,1
564,3
565,0
566,3
567,2
568,0
569,2
570,4
571,0
572,3
573,0
574,0
575,3
576,1
577,0
578,2
579,2
580,0
581,1
582,3
583,3
584,0
585,2
586,4
587,2
588,4
589,3
590,0
591,4
592,4
593,4
594,4
595,0
596,2
597,0
598,1
599,1
600,1
601,2
602,2
603,0
604,4
605,0
606,4
607,3
608,4
609,1
610,0
611,3
612,2
613,2
614,1
615,0
616,1
617,3
618,4
619,3
620,1
621,4
622,4
623,1
624,0
625,0
626,0
627,1
628,1
629,0
630,0
631,1
632,2
633,0
634,1
635,3
636,1
637,4
638,4
639,3
640,3
641,4
642,4
643,3
644,0
645,1
646,4
647,4
648,1
649,1
650,1
651,0
652,4
653,1
654,0
655,2
656,1
657,2
658,2
659,2
660,4
661,0
662,4
663,3
664,0
665,2
666,1
667,0
668,1
669,3
670,0
671,3
672,4
673,0
674,3
675,3
676,2
677,3
678,1
679,3
680,4
681,1
682,2
683,1
684,4
685,3
686,4
687,3
688,0
689,3
690,3
691,4
692,3
693,2
694,1
695,4
696,2
697,1
698,4
699,2
700,2
701,1
702,2
703,2
704,1
705,3
706,3
707,0
708,0
709,2
710,4
711,1
712,1
713,3
714,3
715,0
716,1
717,4
718,1
719,0
720,4
721,3
722,1
723,3
724,1
725,0
726,4
727,3
728,1
729,3
730,4
731,0
732,3
733,1
734,3
735,0
736,3
737,0
738,0
739,4
740,4
741,3
742,2
743,3
744,0
745,0
746,2
747,3
748,4
749,2
750,3
751,1
752,2
753,2
754,2
755,2
756,2
757,4
758,1
759,1
760,2
761,1
762,0
763,4
764,3
765,2
766,4
767,3
768,0
769,4
770,0
771,3
772,3
773,0
774,0
775,3
776,1
777,4
778,4
779,1
780,2
781,3
782,4
783,3
784,3
785,3
786,4
787,4
788,3
789,1
790,2
791,1
792,2
793,0
794,0
795,4
796,0
797,1
798,2
799,1
800,4
801,2
802,0
803,3
804,4
805,4
806,3
807,1
808,0
809,2
810,2
811,1
812,0
813,1
814,3
815,2
816,4
817,4
818,0
819,1
820,1
821,4
822,2
823,3
824,3
825,0
826,1
827,1
828,0
829,3
830,3
831,0
832,3
833,2
834,4
835,0
836,2
837,1
838,2
839,0
840,3
841,3
842,1
843,1
844,3
845,2
846,3
847,2
848,4
849,2
850,0
851,0
852,0
853,4
854,3
855,3
856,0
857,4
858,4
859,1
860,4
861,2
862,3
863,3
864,1
865,2
866,1
867,2
868,0
869,0
870,0
871,4
872,0
873,2
874,0
875,4
876,2
877,1
878,1
879,3
880,0
881,3
882,4
883,0
884,3
885,3
886,4
887,2
888,3
889,2
890,3
891,4
892,2
893,2
894,2
895,2
896,4
897,2
898,0
899,0
900,3
901,1
902,1
903,1
904,1
905,0
906,4
907,3
908,1
909,1
910,3
911,4
912,4
913,2
914,3
915,0
916,1
917,0
918,0
919,2
920,4
921,3
922,1
923,1
924,3
925,0
926,2
927,2
928,4
929,1
930,0
931,3
932,1
933,2
934,1
935,2
936,4
937,4
938,0
939,3
940,0
941,3
942,0
943,2
944,1
945,0
946,4
947,0
948,1
949,2
950,3
951,2
952,1
953,0
954,0
955,0
956,1
957,0
958,2
959,3
960,3
961,2
962,4
963,0
964,3
965,1
966,4
967,0
968,2
969,1
970,0
971,4
972,2
973,2
974,3
975,1
976,3
977,0
978,1
979,4
980,3
981,1
982,0
983,4
984,3
985,1
986,1
987,0
988,4
989,1
990,3
991,3
992,3
993,2
994,4
995,2
996,0
997,1
998,0
999,0
1000,2
1001,2
1002,2
1003,3
1004,1
1005,2
1006,1
1007,0
1008,3
1009,1
1010,3
1011,4
1012,3
1013,4
1014,2
1015,0
1016,1
1017,2
1018,3
1019,4
1020,3
1021,0
1022,3
1023,1
1024,0
1025,0
1026,0
1027,2
1028,3
1029,1
1030,2
1031,1
1032,0
1033,2
1034,4
1035,2
1036,1
1037,3
1038,4
1039,4
1040,4
1041,2
1042,0
1043,1
1044,2
1045,0
1046,3
1047,2
1048,2
1049,3
1050,4
1051,0
1052,2
1053,3
1054,4
1055,4
1056,0
1057,2
1058,1
1059,0
1060,1
1061,4
1062,0
1063,1
1064,4
1065,1
1066,0
1067,4
1068,2
1069,1
1070,3
1071,3
1072,3
1073,0
1074,4
1075,2
1076,4
1077,3
1078,0
1079,1
1080,1
1081,4
1082,3
1083,4
1084,4
1085,1
1086,3
1087,4
1088,4
1089,1
1090,4
1091,1
1092,3
1093,1
1094,0
1095,2
1096,2
1097,2
1098,2
1099,2
1100,3
1101,3
1102,1
1103,2
1104,2
1105,3
1106,4
1107,0
1108,4
1109,2
1110,4
1111,3
1112,2
1113,1
1114,3
1115,1
1116,4
1117,0
1118,0
1119,0
1120,4
1121,3
1122,0
1123,3
1124,4
1125,1
1126,4
1127,2
1128,2
1129,2
1130,4
1131,1
1132,4
1133,2
1134,4
1135,2
1136,4
1137,3
1138,2
1139,0
1140,4
1141,4
1142,0
1143,2
1144,0
1145,0
1146,2
1147,1
1148,3
1149,1
1150,1
1151,2
1152,1
1153,3
1154,4
1155,0
1156,4
1157,4
1158,1
1159,1
1160,1
1161,0
1162,1
1163,0
1164,1
1165,3
1166,1
1167,2
1168,4
1169,4
1170,1
1171,3
1172,0
1173,3
1174,2
1175,4
1176,4
1177,0
1178,0
1179,3
1180,3
1181,1
1182,1
1183,2
1184,3
1185,2
1186,3
1187,2
1188,4
1189,4
1190,1
1191,2
1192,1
1193,4
1194,2
1195,1
1196,4
1197,0
1198,3
1199,1
1200,0
1201,2
1202,1
1203,3
1204,2
1205,2
1206,3
1207,0
1208,3
1209,2
1210,4
1211,4
1212,1
1213,1
1214,0
1215,4
1216,1
1217,0
1218,0
1219,3
1220,3
1221,2
1222,1
1223,2
1224,4
1225,4
1226,1
1227,0
1228,1
1229,0
1230,0
1231,3
1232,1
1233,2
1234,3
1235,4
1236,3
1237,2
1238,4
1239,0
1240,3
1241,2
1242,1
1243,0
1244,4
1245,4
1246,0
1247,1
1248,0
1249,2
1250,3
1251,2
1252,1
1253,2
1254,2
1255,4
1256,0
1257,4
1258,2
1259,0
1260,2
1261,3
1262,4
1263,0
1264,1
1265,3
1266,4
1267,2
1268,2
1269,1
1270,3
1271,4
1272,0
1273,1
1274,1
1275,3
1276,3
1277,2
1278,2
1279,0
1280,1
1281,3
1282,1
1283,3
1284,1
1285,2
1286,2
1287,0
1288,4
1289,2
1290,4
1291,0
1292,2
1293,3
1294,0
1295,0
1296,4
1297,3
1298,1
1299,4
1300,0
1301,0
1302,3
1303,3
1304,2
1305,4
1306,1
1307,0
1308,0
1309,0
1310,1
1311,3
1312,2
1313,1
1314,1
1315,2
1316,0
1317,3
1318,4
1319,1
1320,1
1321,1
1322,4
1323,1
1324,4
1325,0
1326,2
1327,3
1328,0
1329,0
1330,1
1331,1
1332,4
1333,2
1334,2
1335,4
1336,3
1337,3
1338,0
1339,2
1340,3
1341,2
1342,4
1343,0
1344,0
1345,3
1346,2
1347,4
1348,0
1349,0
1350,3
1351,1
1352,4
1353,2
1354,1
1355,3
1356,2
1357,2
1358,3
1359,4
1360,2
1361,4
1362,1
1363,2
1364,3
1365,4
1366,1
1367,4
1368,0
1369,3
1370,2
1371,4
1372,2
1373,4
1374,1
1375,4
1376,2
1377,4
1378,2
1379,2
1380,1
1381,0
1382,1
1383,4
1384,1
1385,2
1386,1
1387,3
1388,0
1389,0
1390,3
1391,3
1392,0
1393,1
1394,4
1395,4
1396,4
1397,4
1398,2
1399,3
1400,0
1401,0
1402,2
1403,2
1404,3
1405,2
1406,2
1407,1
1408,4
1409,3
1410,2
1411,1
1412,0
1413,0
1414,0
1415,2
1416,4
1417,1
1418,3
1419,2
1420,2
1421,1
1422,0
1423,2
1424,1
1425,3
1426,0
1427,2
1428,2
1429,0
1430,3
1431,4
1432,4
1433,0
1434,1
1435,4
1436,3
1437,3
1438,4
1439,1
1440,3
1441,4
1442,1
1443,2
1444,3
1445,4
1446,3
1447,4
1448,4
1449,3
1450,4
1451,4
1452,0
1453,2
1454,3
1455,0
1456,1
1457,2
1458,1
1459,1
1460,2
1461,1
1462,4
1463,3
1464,2
1465,3
1466,1
1467,2
1468,1
1469,2
1470,4
1471,0
1472,3
1473,1
1474,4
1475,2
1476,3
1477,4
1478,3
1479,1
1480,3
1481,1
1482,1
1483,0
1484,4
1485,4
1486,3
1487,2
1488,1
1489,1
1490,4
1491,3
1492,1
1493,1
1494,1
1495,3
1496,2
1497,0
1498,0
1499,4
1500,2
1501,3
1502,0
1503,2
1504,1
1505,4
1506,0
1507,4
1508,4
1509,4
1510,1
1511,1
1512,2
1513,4
1514,3
1515,2
1516,2
1517,0
1518,3
1519,1
1520,4
1521,3
1522,2
1523,4
1524,1
1525,2
1526,1
1527,1
1528,1
1529,2
1530,2
1531,0
1532,0
1533,2
1534,3
1535,1
1536,2
1537,0
1538,3
1539,2
1540,0
1541,4
1542,1
1543,3
1544,4
1545,0
1546,4
1547,1
1548,3
1549,2
1550,1
1551,0
1552,0
1553,4
1554,2
1555,4
1556,2
1557,4
1558,3
1559,1
1560,0
1561,3
1562,2
1563,4
1564,3
1565,1
1566,3
1567,2
1568,2
1569,3
1570,1
1571,3
1572,1
1573,1
1574,2
1575,2
1576,2
1577,3
1578,0
1579,0
1580,0
1581,2
1582,2
1583,1
1584,1
1585,2
1586,4
1587,0
1588,0
1589,1
1590,2
1591,3
1592,0
1593,3
1594,2
1595,4
1596,3
1597,3
1598,4
1599,4
1600,0
1601,0
1602,3
1603,0
1604,3
1605,1
1606,4
1607,3
1608,3
1609,0
1610,4
1611,2
1612,0
1613,1
1614,2
1615,4
1616,1
1617,2
1618,4
1619,1
1620,4
1621,3
1622,4
1623,0
1624,2
1625,3
1626,4
1627,2
1628,1
1629,0
1630,4
1631,2
1632,2
1633,0
1634,3
1635,0
1636,1
1637,3
1638,0
1639,1
1640,4
1641,0
1642,1
1643,1
1644,1
1645,4
1646,2
1647,3
1648,1
1649,4
1650,0
1651,3
1652,2
1653,2
1654,4
1655,0
1656,3
1657,0
1658,1
1659,4
1660,0
1661,0
1662,0
1663,4
1664,2
1665,4
1666,0
1667,3
1668,0
1669,2
1670,3
1671,3
1672,4
1673,2
1674,1
1675,1
1676,3
1677,2
1678,4
1679,1
1680,4
1681,2
1682,3
1683,0
1684,4
1685,1
1686,1
1687,1
1688,0
1689,0
1690,3
1691,0
1692,3
1693,1
1694,2
1695,1
1696,1
1697,2
1698,2
1699,3
1700,3
1701,4
1702,4
1703,3
1704,2
1705,3
1706,4
1707,3
1708,4
1709,0
1710,2
1711,4
1712,4
1713,1
1714,3
1715,0
1716,1
1717,0
1718,1
1719,4
1720,0
1721,0
1722,3
1723,0
1724,4
1725,1
1726,2
1727,1
1728,0
1729,2
1730,4
1731,4
1732,1
1733,1
1734,4
1735,4
1736,2
1737,4
1738,0
1739,2
1740,3
1741,3
1742,2
1743,1
1744,4
1745,4
1746,0
1747,4
1748,1
1749,2
1750,3
1751,3
1752,0
1753,2
1754,4
1755,2
1756,1
1757,3
1758,0
1759,3
1760,4
1761,3
1762,4
1763,0
1764,4
1765,1
1766,2
1767,2
1768,1
1769,3
1770,3
1771,1
1772,3
1773,2
1774,2
1775,4
1776,2
1777,3
1778,3
1779,2
1780,2
1781,2
1782,0
1783,3
1784,4
1785,3
1786,0
1787,1
1788,3
1789,4
1790,1
1791,2
1792,3
1793,2
1794,0
1795,2
1796,4
1797,4
1798,1
1799,1
1800,0
1801,3
1802,1
1803,4
1804,3
1805,2
1806,3
1807,2
1808,1
1809,0
1810,2
1811,2
1812,1
1813,1
1814,4
1815,3
1816,1
1817,1
1818,0
1819,4
1820,1
1821,1
1822,0
1823,4
1824,3
1825,4
1826,2
1827,1
1828,3
1829,0
1830,0
1831,1
1832,2
1833,4
1834,3
1835,2
1836,4
1837,0
1838,3
1839,4
1840,0
1841,4
1842,3
1843,4
1844,4
1845,1
1846,3
1847,3
1848,0
1849,0
1850,4
1851,2
1852,4
1853,2
1854,4
1855,2
1856,0
1857,0
1858,0
1859,3
1860,4
1861,1
1862,1
1863,4
1864,0
1865,3
1866,2
1867,3
1868,0
1869,4
1870,0
1871,4
1872,2
1873,2
1874,4
1875,3
1876,2
1877,1
1878,4
1879,2
1880,3
1881,0
1882,0
1883,0
1884,4
1885,3
1886,1
1887,0
1888,4
1889,3
1890,0
1891,0
1892,0
1893,4
1894,2
1895,2
1896,4
1897,2
1898,1
1899,0
1900,2
1901,2
1902,3
1903,2
1904,0
1905,0
1906,1
1907,3
1908,0
1909,4
1910,4
1911,4
1912,1
1913,4
1914,3
1915,3
1916,3
1917,4
1918,0
1919,1
1920,2
1921,4
1922,1
1923,2
1924,4
1925,2
1926,0
1927,0
1928,3
1929,3
1930,2
1931,1
1932,0
1933,2
1934,3
1935,3
1936,1
1937,1
1938,2
1939,4
1940,4
1941,2
1942,1
1943,3
1944,0
1945,0
1946,1
1947,3
1948,2
1949,0
1950,4
1951,4
1952,3
1953,4
1954,0
1955,4
1956,2
1957,2
1958,0
1959,3
1960,2
1961,0
1962,1
1963,3
1964,4
1965,2
1966,4
1967,1
1968,4
1969,1
1970,1
1971,1
1972,0
1973,2
1974,4
1975,4
1976,0
1977,1
1978,1
1979,3
1980,2
1981,0
1982,1
1983,1
1984,0
1985,2
1986,3
1987,1
1988,1
1989,0
1990,3
1991,4
1992,4
1993,0
1994,1
1995,4
1996,2
1997,1
1998,4
1999,3
2000,3
2001,4
2002,2
2003,4
2004,1
2005,2
2006,3
2007,3
2008,0
2009,2
2010,2
2011,4
2012,2
2013,2
2014,2
2015,1
2016,1
2017,0
2018,3
2019,2
2020,1
2021,0
2022,0
2023,4
2024,4
2025,1
2026,4
2027,3
2028,3
2029,4
2030,3
2031,2
2032,3
2033,2
2034,0
2035,1
2036,3
2037,4
2038,2
2039,2
2040,2
2041,4
2042,3
2043,2
2044,3
2045,3
2046,2
2047,0
2048,0
2049,1
2050,0
2051,0
2052,3
2053,2
2054,3
2055,2
2056,2
2057,3
2058,1
2059,0
2060,4
2061,1
2062,0
2063,2
2064,4
2065,3
2066,4
2067,4
2068,0
2069,4
2070,1
2071,1
2072,4
2073,2
2074,0
2075,2
2076,0
2077,3
2078,3
2079,2
2080,4
2081,4
2082,1
2083,2
2084,0
2085,2
2086,3
2087,4
2088,0
2089,1
2090,1
2091,0
2092,2
2093,3
2094,4
2095,1
2096,3
2097,3
2098,4
2099,2
2100,4
2101,3
2102,3
2103,1
2104,3
2105,2
2106,0
2107,3
2108,1
2109,3
2110,2
2111,1
2112,1
2113,1
2114,3
2115,0
2116,1
2117,1
2118,4
2119,0
2120,1
2121,0
2122,2
2123,1
2124,1
2125,2
2126,0
2127,3
2128,2
2129,1
2130,0
2131,0
2132,4
2133,4
2134,3
2135,3
2136,2
2137,1
2138,1
2139,4
2140,0
2141,1
2142,3
2143,3
2144,4
2145,3
2146,3
2147,3
2148,4
2149,4
2150,3
2151,1
2152,1
2153,2
2154,0
2155,4
2156,0
2157,3
2158,1
2159,0
2160,0
2161,0
2162,1
2163,1
2164,1
2165,1
2166,3
2167,1
2168,4
2169,2
2170,3
2171,4
2172,1
2173,1
2174,1
2175,4
2176,4
2177,0
2178,3
2179,1
2180,3
2181,4
2182,1
2183,4
2184,2
2185,1
2186,4
2187,1
2188,3
2189,2
2190,3
2191,3
2192,3
2193,3
2194,2
2195,2
2196,4
2197,0
2198,0
2199,1
2200,1
2201,3
2202,0
2203,4
2204,3
2205,1
2206,0
2207,4
2208,0
2209,3
2210,4
2211,0
2212,2
2213,4
2214,1
2215,0
2216,3
2217,3
2218,2
2219,1
2220,2
2221,0
2222,1
2223,2
2224,3
2225,0
2226,3
2227,4
2228,0
2229,1
2230,2
2231,0
2232,4
2233,4
2234,0
2235,0
2236,3
2237,4
2238,1
2239,0
2240,3
2241,0
2242,4
2243,2
2244,0
2245,4
2246,1
2247,4
2248,2
2249,1
2250,3
2251,2
2252,3
2253,4
2254,1
2255,0
2256,3
2257,1
2258,0
2259,3
2260,2
2261,2
2262,4
2263,2
2264,0
2265,4
2266,4
2267,1
2268,4
2269,0
2270,0
2271,3
2272,0
2273,2
2274,1
2275,4
2276,3
2277,1
2278,4
2279,1
2280,1
2281,1
2282,2
2283,0
2284,1
2285,4
2286,4
2287,3
2288,0
2289,1
2290,4
2291,3
2292,0
2293,0
2294,2
2295,0
2296,2
2297,3
2298,4
2299,3
2300,2
2301,4
2302,1
2303,1
2304,1
2305,4
2306,0
2307,0
2308,3
2309,1
2310,4
2311,0
2312,1
2313,3
2314,1
2315,4
2316,3
2317,3
2318,2
2319,0
2320,1
2321,3
2322,3
2323,1
2324,3
2325,4
2326,2
2327,1
2328,4
2329,0
2330,0
2331,2
2332,0
2333,4
2334,1
2335,2
2336,2
2337,3
2338,3
2339,1
2340,0
2341,3
2342,1
2343,2
2344,1
2345,3
2346,1
2347,4
2348,4
2349,0
2350,2
2351,3
2352,2
2353,3
2354,4
2355,0
2356,0
2357,4
2358,3
2359,0
2360,1
2361,2
2362,3
2363,0
2364,2
2365,0
2366,2
2367,3
2368,1
2369,2
2370,4
2371,3
2372,1
2373,0
2374,4
2375,3
2376,4
2377,1
2378,0
2379,0
2380,0
2381,1
2382,1
2383,3
2384,1
2385,1
2386,2
2387,2
2388,1
2389,2
2390,1
2391,4
2392,4
2393,4
2394,0
2395,3
2396,0
2397,0
2398,2
2399,0
2400,4
2401,1
2402,3
2403,3
2404,4
2405,4
2406,0
2407,1
2408,1
2409,0
2410,1
2411,2
2412,3
2413,2
2414,0
2415,3
2416,2
2417,2
2418,4
2419,0
2420,4
2421,2
2422,2
2423,4
2424,2
2425,4
2426,0
2427,3
2428,2
2429,2
2430,1
2431,1
2432,0
2433,0
2434,3
2435,2
2436,2
2437,4
2438,0
2439,1
2440,2
2441,4
2442,3
2443,2
2444,0
2445,3
2446,1
2447,3
2448,0
2449,4
2450,0
2451,4
2452,4
2453,1
2454,3
2455,1
2456,0
2457,2
2458,4
2459,0
2460,2
2461,1
2462,4
2463,3
2464,2
2465,1
2466,0
2467,2
2468,4
2469,0
2470,1
2471,1
2472,4
2473,0
2474,3
2475,4
2476,0
2477,2
2478,2
2479,3
2480,3
2481,2
2482,0
2483,2
2484,4
2485,2
2486,1
2487,0
2488,3
2489,2
2490,4
2491,4
2492,0
2493,0
2494,1
2495,0
2496,3
2497,3
2498,2
2499,1
2500,2
2501,2
2502,2
2503,4
2504,1
2505,4
2506,3
2507,0
2508,4
2509,1
2510,4
2511,2
2512,2
2513,4
2514,2
2515,4
2516,1
2517,1
2518,1
2519,2
2520,0
2521,1
2522,4
2523,0
2524,2
2525,3
2526,3
2527,2
2528,2
2529,3
2530,1
2531,3
2532,0
2533,2
2534,1
2535,3
2536,4
2537,4
2538,1
2539,1
2540,0
2541,4
2542,0
2543,0
2544,1
2545,3
2546,0
2547,2
2548,2
2549,2
2550,4
2551,4
2552,3
2553,2
2554,2
2555,1
2556,4
2557,4
2558,3
2559,2
2560,1
2561,2
2562,0
2563,4
2564,4
2565,1
2566,1
2567,1
2568,4
2569,0
2570,1
2571,1
2572,4
2573,0
2574,2
2575,0
2576,3
2577,1
2578,2
2579,4
2580,3
2581,4
2582,3
2583,2
2584,3
2585,3
2586,3
2587,3
2588,4
2589,4
2590,2
2591,2
2592,3
2593,1
2594,4
2595,4
2596,0
2597,0
2598,4
2599,0
2600,2
2601,0
2602,3
2603,2
2604,3
2605,4
2606,4
2607,2
2608,3
2609,4
2610,0
2611,1
2612,2
2613,0
2614,0
2615,0
2616,2
2617,3
2618,3
2619,1
2620,1
2621,2
2622,2
2623,4
2624,4
2625,3
2626,3
2627,4
2628,3
2629,3
2630,1
2631,2
2632,0
2633,1
2634,0
2635,1
2636,2
2637,1
2638,2
2639,0
2640,3
2641,0
2642,4
2643,3
2644,4
2645,1
2646,1
2647,1
2648,4
2649,1
2650,3
2651,4
2652,0
2653,4
2654,0
2655,4
2656,0
2657,3
2658,1
2659,3
2660,1
2661,2
2662,0
2663,2
2664,4
2665,4
2666,0
2667,3
2668,0
2669,0
2670,3
2671,0
2672,0
2673,0
2674,1
2675,2
2676,2
2677,1
2678,3
2679,4
2680,0
2681,2
2682,0
2683,3
2684,4
2685,0
2686,0
2687,1
2688,1
2689,1
2690,4
2691,3
2692,0
2693,2
2694,2
2695,2
2696,2
2697,4
2698,2
2699,2
2700,3
2701,3
2702,4
2703,4
2704,1
2705,4
2706,4
2707,1
2708,1
2709,2
2710,2
2711,1
2712,3
2713,4
2714,0
2715,2
2716,0
2717,2
2718,3
2719,4
2720,0
2721,1
2722,3
2723,1
2724,0
2725,3
2726,1
2727,0
2728,4
2729,0
2730,2
2731,4
2732,4
2733,2
2734,1
2735,3
2736,1
2737,1
2738,4
2739,0
2740,3
2741,2
2742,2
2743,4
2744,1
2745,3
2746,4
2747,3
2748,2
2749,1
2750,0
2751,0
2752,0
2753,3
2754,4
2755,0
2756,4
2757,4
2758,4
2759,2
2760,2
2761,2
2762,1
2763,4
2764,3
2765,1
2766,0
2767,1
2768,4
2769,4
2770,4
2771,0
2772,2
2773,2
2774,0
2775,2
2776,4
2777,1
2778,3
2779,3
2780,3
2781,1
2782,0
2783,0
2784,3
2785,4
2786,0
2787,4
2788,0
2789,0
2790,1
2791,1
2792,2
2793,3
2794,4
2795,1
2796,0
2797,2
2798,3
2799,2
2800,0
2801,0
2802,4
2803,3
2804,3
2805,1
2806,0
2807,1
2808,1
2809,0
2810,0
2811,4
2812,1
2813,4
2814,3
2815,3
2816,0
2817,3
2818,4
2819,3
2820,0
2821,2
2822,2
2823,1
2824,0
2825,3
2826,0
2827,2
2828,1
2829,3
2830,4
2831,0
2832,4
2833,2
2834,3
2835,1
2836,1
2837,2
2838,4
2839,1
2840,4
2841,4
2842,1
2843,1
2844,0
2845,3
2846,1
2847,4
2848,4
2849,4
2850,1
2851,2
2852,1
2853,2
2854,1
2855,3
2856,2
2857,0
2858,3
2859,2
2860,4
2861,2
2862,0
2863,2
2864,1
2865,4
2866,4
2867,4
2868,0
2869,0
2870,0
2871,3
2872,3
2873,2
2874,3
2875,1
2876,1
2877,3
2878,4
2879,1
2880,4
2881,4
2882,3
2883,2
2884,4
2885,0
2886,1
2887,2
2888,2
2889,0
2890,2
2891,0
2892,3
2893,4
2894,0
2895,3
2896,3
2897,0
2898,2
2899,0
2900,1
2901,2
2902,1
2903,3
2904,1
2905,3
2906,0
2907,2
2908,2
2909,3
2910,2
2911,0
2912,1
2913,0
2914,2
2915,2
2916,4
2917,0
2918,3
2919,4
2920,4
2921,0
2922,0
2923,0
2924,3
2925,1
2926,1
2927,2
2928,4
2929,4
2930,2
2931,4
2932,0
2933,0
2934,1
2935,2
2936,3
2937,4
2938,0
2939,4
2940,1
2941,4
2942,2
2943,0
2944,1
2945,4
2946,0
2947,3
2948,4
2949,0
2950,1
2951,2
2952,4
2953,3
2954,1
2955,1
2956,0
2957,1
2958,3
2959,0
2960,4
2961,4
2962,1
2963,4
2964,0
2965,1
2966,0
2967,3
2968,3
2969,3
2970,1
2971,1
2972,2
2973,0
2974,3
2975,2
2976,2
2977,4
2978,2
2979,4
2980,2
2981,4
2982,4
2983,2
2984,3
2985,3
2986,1
2987,1
2988,1
2989,0
2990,2
2991,3
2992,0
2993,2
2994,1
2995,4
2996,0
2997,3
2998,0
2999,0
3000,0
3001,3
3002,2
3003,4
3004,1
3005,0
3006,1
3007,2
3008,1
3009,4
3010,4
3011,2
3012,1
3013,3
3014,3
3015,0
3016,3
3017,2
3018,1
3019,3
3020,0
3021,1
3022,1
3023,2
3024,0
3025,2
3026,2
3027,0
3028,4
3029,4
3030,2
3031,1
3032,3
3033,0
3034,0
3035,4
3036,1
3037,0
3038,0
3039,4
3040,1
3041,3
3042,2
3043,4
3044,1
3045,3
3046,0
3047,4
3048,1
3049,2
3050,3
3051,0
3052,0
3053,1
3054,3
3055,1
3056,2
3057,1
3058,4
3059,4
3060,2
3061,3
3062,1
3063,0
3064,3
3065,3
3066,2
3067,4
3068,0
3069,2
3070,2
3071,3
3072,1
3073,4
3074,1
3075,3
3076,2
3077,0
3078,4
3079,1
3080,0
3081,3
3082,4
3083,3
3084,1
3085,3
3086,1
3087,4
3088,3
3089,0
3090,3
3091,0
3092,4
3093,1
3094,0
3095,0
3096,2
3097,4
3098,2
3099,2
3100,1
3101,1
3102,4
3103,1
3104,3
3105,2
3106,4
3107,1
3108,4
3109,3
3110,0
3111,2
3112,4
3113,3
3114,4
3115,2
3116,3
3117,3
3118,0
3119,2
3120,3
3121,0
3122,2
3123,4
3124,2
3125,0
3126,1
3127,2
3128,0
3129,1
3130,2
3131,1
3132,4
3133,2
3134,1
3135,0
3136,3
3137,2
3138,1
3139,3
3140,4
3141,0
3142,1
3143,3
3144,4
3145,4
3146,4
3147,0
3148,1
3149,3
3150,4
3151,4
3152,1
3153,2
3154,3
3155,0
3156,1
3157,1
3158,1
3159,4
3160,1
3161,2
3162,4
3163,1
3164,2
3165,3
3166,3
3167,1
3168,1
3169,0
3170,4
3171,4
3172,4
3173,1
3174,3
3175,3
3176,2
3177,2
3178,1
3179,0
3180,1
3181,0
3182,3
3183,4
3184,4
3185,2
3186,3
3187,2
3188,0
3189,0
3190,4
3191,3
3192,1
3193,0
3194,1
3195,0
3196,3
3197,2
3198,1
3199,4
3200,1
3201,3
3202,4
3203,3
3204,4
3205,3
3206,4
3207,0
3208,2
3209,4
3210,1
3211,2
3212,2
3213,1
3214,4
3215,1
3216,1
3217,2
3218,2
3219,2
3220,4
3221,2
3222,1
3223,0
3224,0
3225,0
3226,4
3227,0
3228,2
3229,4
3230,1
3231,4
3232,0
3233,1
3234,3
3235,0
3236,0
3237,1
3238,4
3239,0
3240,0
3241,2
3242,0
3243,0
3244,2
3245,0
3246,1
3247,1
3248,3
3249,2
3250,2
3251,3
3252,4
3253,0
3254,3
3255,1
3256,1
3257,4
3258,0
3259,4
3260,2
3261,0
3262,1
3263,3
3264,0
3265,3
3266,3
3267,2
3268,0
3269,3
3270,4
3271,1
3272,3
3273,4
3274,0
3275,1
3276,4
3277,2
3278,4
3279,1
3280,2
3281,2
3282,2
3283,3
3284,0
3285,2
3286,0
3287,4
3288,2
3289,4
3290,4
3291,0
3292,3
3293,1
3294,4
3295,4
3296,2
3297,2
3298,1
3299,3
3300,0
3301,4
3302,4
3303,1
3304,4
3305,3
3306,3
3307,2
3308,1
3309,3
3310,2
3311,0
3312,4
3313,2
3314,4
3315,2
3316,4
3317,1
3318,4
3319,4
3320,4
3321,3
3322,1
3323,0
3324,0
3325,0
3326,1
3327,2
3328,4
3329,4
3330,3
3331,0
3332,3
3333,4
3334,3
3335,3
3336,3
3337,2
3338,2
3339,4
3340,3
3341,1
3342,1
3343,4
3344,2
3345,3
3346,2
3347,3
3348,4
3349,4
3350,4
3351,1
3352,0
3353,1
3354,1
3355,0
3356,0
3357,0
3358,3
3359,3
3360,3
3361,4
3362,4
3363,2
3364,0
3365,1
3366,4
3367,3
3368,1
3369,0
3370,0
3371,3
3372,4
3373,3
3374,3
3375,2
3376,3
3377,4
3378,1
3379,0
3380,3
3381,3
3382,0
3383,0
3384,4
3385,3
3386,1
3387,1
3388,4
3389,2
3390,3
3391,4
3392,4
3393,2
3394,0
3395,4
3396,3
3397,0
3398,3
3399,2
3400,1
3401,3
3402,1
3403,2
3404,0
3405,4
3406,2
3407,2
3408,2
3409,0
3410,1
3411,4
3412,3
3413,2
3414,1
3415,4
3416,2
3417,3
3418,2
3419,4
3420,1
3421,4
3422,1
3423,0
3424,3
3425,0
3426,4
3427,2
3428,4
3429,4
3430,4
3431,4
3432,3
3433,4
3434,0
3435,0
3436,3
3437,1
3438,2
3439,1
3440,1
3441,0
3442,3
3443,3
3444,0
3445,0
3446,4
3447,3
3448,1
3449,4
3450,0
3451,3
3452,0
3453,1
3454,2
3455,2
3456,0
3457,1
3458,3
3459,0
3460,0
3461,2
3462,1
3463,2
3464,2
3465,0
3466,3
3467,4
3468,4
3469,4
3470,2
3471,2
3472,4
3473,2
3474,0
3475,4
3476,0
3477,4
3478,0
3479,4
3480,1
3481,0
3482,0
3483,4
3484,3
3485,1
3486,1
3487,0
3488,0
3489,3
3490,1
3491,0
3492,4
3493,3
3494,0
3495,1
3496,0
3497,4
3498,3
3499,1
3500,4
3501,3
3502,0
3503,4
3504,2
3505,1
3506,4
3507,0
3508,3
3509,4
3510,2
3511,1
3512,0
3513,1
3514,3
3515,4
3516,3
3517,0
3518,3
3519,2
3520,1
3521,3
3522,3
3523,1
3524,4
3525,3
3526,0
3527,3
3528,3
3529,1
3530,4
3531,3
3532,1
3533,3
3534,4
3535,3
3536,3
3537,2
3538,1
3539,2
3540,1
3541,4
3542,0
3543,3
3544,3
3545,2
3546,0
3547,2
3548,2
3549,1
3550,2
3551,3
3552,0
3553,1
3554,2
3555,4
3556,1
3557,3
3558,0
3559,2
3560,4
3561,1
3562,1
3563,2
3564,1
3565,1
3566,2
3567,4
3568,3
3569,4
3570,0
3571,3
3572,1
3573,1
3574,0
3575,1
3576,3
3577,0
3578,2
3579,3
3580,2
3581,0
3582,4
3583,3
3584,3
3585,0
3586,1
3587,2
3588,3
3589,4
3590,2
3591,4
3592,1
3593,2
3594,4
3595,2
3596,1
3597,2
3598,4
3599,4
3600,0
3601,3
3602,3
3603,0
3604,2
3605,4
3606,4
3607,4
3608,1
3609,1
3610,1
3611,0
3612,3
3613,2
3614,2
3615,1
3616,2
3617,4
3618,3
3619,3
3620,4
3621,2
3622,2
3623,0
3624,1
3625,1
3626,4
3627,3
3628,0
3629,4
3630,4
3631,4
3632,4
3633,4
3634,0
3635,4
3636,3
3637,1
3638,2
3639,2
3640,3
3641,1
3642,2
3643,0
3644,3
3645,3
3646,1
3647,2
3648,4
3649,4
3650,3
3651,1
3652,2
3653,0
3654,2
3655,0
3656,0
3657,3
3658,1
3659,4
3660,2
3661,2
3662,4
3663,1
3664,4
3665,3
3666,3
3667,0
3668,4
3669,1
3670,3
3671,1
3672,4
3673,1
3674,4
3675,3
3676,4
3677,0
3678,1
3679,2
3680,3
3681,4
3682,0
3683,2
3684,4
3685,4
3686,3
3687,2
3688,4
3689,4
3690,2
3691,0
3692,4
3693,1
3694,0
3695,2
3696,3
3697,3
3698,4
3699,1
3700,1
3701,0
3702,2
3703,1
3704,0
3705,3
3706,1
3707,2
3708,4
3709,2
3710,2
3711,4
3712,1
3713,0
3714,1
3715,3
3716,3
3717,3
3718,3
3719,0
3720,4
3721,0
3722,0
3723,4
3724,2
3725,4
3726,1
3727,0
3728,4
3729,2
3730,0
3731,4
3732,1
3733,3
3734,2
3735,1
3736,3
3737,0
3738,1
3739,2
3740,0
3741,1
3742,2
3743,4
3744,0
3745,1
3746,0
3747,1
3748,1
3749,3
3750,4
3751,2
3752,2
3753,2
3754,0
3755,4
3756,0
3757,1
3758,0
3759,4
3760,2
3761,2
3762,0
3763,2
3764,0
3765,2
3766,1
3767,1
3768,0
3769,0
3770,4
3771,1
3772,4
3773,4
3774,0
3775,1
3776,3
3777,3
3778,4
3779,4
3780,3
3781,2
3782,2
3783,3
3784,1
3785,2
3786,3
3787,0
3788,4
3789,1
3790,4
3791,4
3792,1
3793,0
3794,4
3795,1
3796,1
3797,4
3798,1
3799,2
3800,1
3801,2
3802,4
3803,1
3804,2
3805,2
3806,3
3807,0
3808,1
3809,3
3810,3
3811,4
3812,2
3813,2
3814,0
3815,3
3816,0
3817,2
3818,4
3819,4
3820,4
3821,1
3822,1
3823,3
3824,2
3825,3
3826,2
3827,4
3828,1
3829,3
3830,0
3831,0
3832,4
3833,4
3834,4
3835,2
3836,4
3837,0
3838,2
3839,3
3840,2
3841,1
3842,3
3843,3
3844,1
3845,4
3846,0
3847,4
3848,4
3849,4
3850,0
3851,1
3852,3
3853,0
3854,2
3855,2
3856,3
3857,0
3858,3
3859,2
3860,1
3861,2
3862,3
3863,3
3864,4
3865,1
3866,3
3867,0
3868,2
3869,4
3870,2
3871,1
3872,3
3873,4
3874,0
3875,1
3876,4
3877,3
3878,1
3879,3
3880,4
3881,3
3882,2
3883,1
3884,4
3885,0
3886,1
3887,1
3888,3
3889,2
3890,1
3891,3
3892,3
3893,3
3894,0
3895,4
3896,1
3897,3
3898,2
3899,1
3900,0
3901,3
3902,4
3903,2
3904,4
3905,4
3906,0
3907,2
3908,3
3909,0
3910,4
3911,2
3912,4
3913,0
3914,2
3915,4
3916,2
3917,2
3918,0
3919,0
3920,2
3921,2
3922,2
3923,4
3924,0
3925,0
3926,3
3927,0
3928,4
3929,1
3930,3
3931,3
3932,3
3933,0
3934,4
3935,0
3936,0
3937,2
3938,4
3939,1
3940,2
3941,2
3942,0
3943,1
3944,3
3945,0
3946,0
3947,3
3948,1
3949,3
3950,1
3951,3
3952,0
3953,3
3954,0
3955,3
3956,2
3957,4
3958,3
3959,3
3960,0
3961,0
3962,3
3963,3
3964,1
3965,0
3966,3
3967,2
3968,3
3969,2
3970,0
3971,2
3972,4
3973,1
3974,0
3975,2
3976,3
3977,2
3978,4
3979,4
3980,0
3981,1
3982,3
3983,3
3984,1
3985,2
3986,4
3987,3
3988,1
3989,2
3990,1
3991,3
3992,2
3993,1
3994,0
3995,2
3996,0
3997,1
3998,0
3999,4
4000,4
